Date,predicted_sales,lower_bound,upper_bound
2013-01-01,6902757.526908861,4545346.786771258,9283484.871205581
2013-01-02,6385880.945664729,4050474.3580448437,8522569.784115082
2013-01-03,6042832.483558148,3769994.407511783,8093484.9291622
2013-01-04,6551060.857785092,4156337.411764369,8873073.071365003
2013-01-05,5612161.132352389,3331210.2547587873,7683611.563572944
2013-01-06,-464979.7729083635,-2763637.755509399,1862787.7172503842
2013-01-07,7777951.083263396,5355249.025456325,10100213.228912583
2013-01-08,6945403.030390178,4644963.077348863,9188303.284505513
2013-01-09,6507328.272141285,4278594.838977162,8697730.148043448
2013-01-10,6236349.646205733,4016653.3504003477,8744209.676777458
2013-01-11,6808791.5802975455,4609402.300958184,9234986.331258923
2013-01-12,5925332.571658741,3605629.424777239,8195524.641676047
2013-01-13,-105834.47470262647,-2457564.1204338176,2170475.224405262
2013-01-14,8173141.056839678,5941754.236740337,10426495.431907646
2013-01-15,7366481.192904765,5044980.356354412,9695358.547841437
2013-01-16,6944143.426563871,4753192.652628146,9397645.703663122
2013-01-17,6678980.470738335,4202696.3113259645,8977549.11555345
2013-01-18,7247757.960401058,5057150.325939437,9572875.033151275
2013-01-19,6351788.889898408,3963102.9571672147,8658326.58819016
2013-01-20,300071.6949963514,-1934453.5263977384,2579037.4307423164
2013-01-21,8551407.759113131,6255387.69203692,10870932.721912904
2013-01-22,7711086.528143697,5414292.081250178,9844635.64163536
2013-01-23,7250219.000986093,5002330.881219868,9626849.720470367
2013-01-24,6942865.782118359,4609220.767603067,9296736.155605417
2013-01-25,7467022.80233876,5102023.900650853,9711833.28185925
2013-01-26,6525224.336097261,4297753.495233069,9058937.465429075
2013-01-27,427651.0333215557,-1931578.8957701006,2645144.212960992
2013-01-28,8634219.496086963,6165555.713310553,10938754.841571817
2013-01-29,7751242.260977423,5542193.794306794,9965907.708190437
2013-01-30,7250739.536874214,4936632.880223955,9552880.97826537
2013-01-31,6907549.361521167,4593456.539023389,9247027.252676647
2013-02-01,7400299.640621562,5150628.434968277,9757940.562716922
2013-02-02,6432001.932812199,3965399.7457442763,8681921.854330985
2013-02-03,313154.800707113,-2090956.8940358346,2617288.3662293227
2013-02-04,8503833.235223215,6310714.870531787,10891613.098751577
2013-02-05,7610352.862892357,5202142.938357415,9646715.783090785
2013-02-06,7104590.016945243,4812360.248154865,9463655.411295092
2013-02-07,6761103.957993694,4356501.504682923,9090841.572035696
2013-02-08,7258124.23591448,4889778.300766784,9471582.402329344
2013-02-09,6298162.503397468,3978328.552270326,8541573.86509297
2013-02-10,191135.9887700267,-2131941.4090065816,2306522.9683649302
2013-02-11,8396478.477501439,6241973.101460278,10625749.306889951
2013-02-12,7519826.832852104,5223376.432127246,9654788.953203117
2013-02-13,7032363.455053964,4673865.3540494265,9481633.007268978
2013-02-14,6707960.29974827,4394962.443846906,9094322.277636137
2013-02-15,7224186.819969725,4848387.429064324,9403398.836282928
2013-02-16,6282940.567838489,3981830.6427296214,8573409.270417843
2013-02-17,193587.160728354,-2118285.9330456513,2589385.061621055
2013-02-18,8415085.040274696,6174360.649307361,10641338.34333586
2013-02-19,7552682.7291113585,5209935.148252831,9847290.247071754
2013-02-20,7077268.759908831,4511898.0361259,9295456.946724627
2013-02-21,6762519.779454778,4397781.882493806,9028808.568333533
2013-02-22,7285909.1812249115,4860934.527266215,9479271.355940023
2013-02-23,6349335.098176071,4085362.7164936913,8662509.223150367
2013-02-24,262254.6547812782,-1996458.5383974272,2593586.0446427483
2013-02-25,8483800.195288368,6170365.002031325,10693789.093687827
2013-02-26,7619465.561733033,5357710.995569875,9978825.515851544
2013-02-27,7140443.034026826,4848851.936809351,9521317.108091924
2013-02-28,6820756.926100691,4458670.781221006,9182708.506013133
2013-03-01,7338256.7201078795,5075587.342292873,9651334.401014391
2013-03-02,6395229.118243797,4063167.8514906024,8532994.688111097
2013-03-03,301516.46275298763,-2111295.0395786897,2594396.337314729
2013-03-04,8516617.77532094,6261553.291702153,10795166.237404993
2013-03-05,7646360.995277151,5291613.940032491,9956596.90318424
2013-03-06,7162227.4835651405,4930174.588009148,9430659.315834688
2013-03-07,6838475.183070716,4561897.960038335,9179393.692056125
2013-03-08,7353123.639379842,5031750.4342168,9621608.40813092
2013-03-09,6408560.50236774,3963021.549223604,8699370.193343205
2013-03-10,314657.1105905948,-2098310.3026172277,2578286.426583255
2013-03-11,8530869.469518822,6139321.641732574,10872540.157410521
2013-03-12,7662913.166765375,5377947.260955323,10069707.3183248
2013-03-13,7182093.167735682,4848840.949582615,9352876.523739604
2013-03-14,6862434.668789515,4638744.218005616,9246396.818921044
2013-03-15,7381677.921848387,5036501.825262025,9632307.615951676
2013-03-16,6441896.291034073,3979493.8338029925,8608683.481903398
2013-03-17,352624.72735754587,-1867242.0685313577,2722571.912278541
2013-03-18,8572974.51436882,6138353.348941367,10773717.539168254
2013-03-19,7708322.341360749,5137984.890507312,10117129.473778687
2013-03-20,7229654.150254276,4809043.235299243,9554711.846594933
2013-03-21,6910709.440149277,4606808.060894236,9156523.936588226
2013-03-22,7428988.4711917555,4914242.556083705,9725575.061414625
2013-03-23,6486381.191568025,3978293.5754563897,8848858.653515162
2013-03-24,392304.68743520975,-1920104.5182368765,2678232.5794203463
2013-03-25,8605824.684054734,6369862.193528647,10926129.545731822
2013-03-26,7732348.903487407,5319177.820827746,9927425.966487423
2013-03-27,7242972.554509209,5006714.288857693,9545824.157256698
2013-03-28,6911621.554879814,4649546.5828968305,9204972.581743727
2013-03-29,7416055.932410211,5091262.806015831,9718624.674014596
2013-03-30,6458492.324208714,4146653.894787496,8869089.139871104
2013-03-31,348732.5542818783,-1995400.0084947702,2744511.713606366
2013-04-01,8546274.080239512,6104339.09226955,10893215.157454414
2013-04-02,7656990.449825102,5297668.4423890365,9901419.787053954
2013-04-03,7152462.440133217,4920958.445127991,9457348.15693592
2013-04-04,6807105.927762287,4653717.920023559,9175177.398797948
2013-04-05,7299159.420606672,4924262.121881839,9574760.01325911
2013-04-06,6331290.675458256,4187457.880530217,8549559.622439126
2013-04-07,213709.89288444072,-1968112.334408395,2403343.6412021043
2013-04-08,8406265.779667672,6027986.23335648,10571561.344968796
2013-04-09,7515113.093433608,5358857.5068800915,9937791.83551407
2013-04-10,7012032.774646214,4500939.563897317,9418507.913754128
2013-04-11,6671551.091389908,4283114.96450124,8989503.522419706
2013-04-12,7171921.037774361,4742973.031413354,9394959.985317951
2013-04-13,6215725.643118544,3928299.298323,8437760.038740858
2013-04-14,112990.83120329212,-2237074.690792371,2484676.5829410683
2013-04-15,8323284.177626325,5988929.711083189,10693343.880259361
2013-04-16,7452388.145314506,5057560.035707016,9657969.582991635
2013-04-17,6971628.776213632,4695054.533621478,9090068.56571926
2013-04-18,6655006.048770115,4437005.775441565,8729262.3002312
2013-04-19,7180188.843090964,4825793.1998879155,9526716.894539542
2013-04-20,6249133.797579934,3864045.9205814465,8440587.268858176
2013-04-21,171215.2583961049,-2090432.9261510852,2268540.8521204693
2013-04-22,8405342.182424007,6224736.90830159,10600290.994849177
2013-04-23,7556650.047631513,5209668.588110771,9824839.077165028
2013-04-24,7095848.203193875,4863947.096935965,9461318.338328348
2013-04-25,6796368.31760118,4460834.04304681,9137965.30496852
2013-04-26,7335376.327043394,5146739.951761396,9530952.207228404
2013-04-27,6414406.655432992,4057660.253142145,8648247.944684856
2013-04-28,342505.43916084804,-2209363.5218638657,2624874.232594166
2013-04-29,8578358.204962205,6146100.581315212,10836850.55900051
2013-04-30,7726989.713829691,5295569.197900202,9939824.346790697
2013-05-01,7259116.141621229,4914351.666778432,9558852.38451025
2013-05-02,6948295.080597131,4540892.006559705,9211628.249505462
2013-05-03,7471935.69452631,5054049.920277083,9767034.26290526
2013-05-04,6531927.799744014,4356019.5462914705,8700721.249835383
2013-05-05,437776.7390854638,-1872959.8309860013,2564754.407344636
2013-05-06,8648719.697817039,6465113.6406727815,11068491.137746649
2013-05-07,7770411.47525387,5555343.854950983,9917762.221313862
2013-05-08,7274260.260906022,5036304.231292847,9531607.198625965
2013-05-09,6934559.3497880325,4819603.513012059,9281454.767294154
2013-05-10,7429477.6253508795,4964418.178303219,9691328.600057803
2013-05-11,6461668.1479869345,4247031.566983556,8761760.695181074
2013-05-12,341382.2715997873,-1953846.6244358874,2734523.427958545
2013-05-13,8528565.530905565,6207953.436795995,10607584.600186985
2013-05-14,7629523.887943653,5481095.926790207,9803257.549365178
2013-05-15,7116241.441057552,4788260.933795615,9322683.163018486
2013-05-16,6763496.044565225,4532537.988356572,8865055.8073514
2013-05-17,7249836.127826693,4813403.447154323,9437135.932616442
2013-05-18,6278178.442894358,3956761.2311748196,8542670.672498101
2013-05-19,158914.47675070632,-2174751.965935078,2478008.011369279
2013-05-20,8352001.994315997,6101566.147277617,10617115.094597593
2013-05-21,7463630.430858199,5226108.817608899,9749006.66670337
2013-05-22,6965541.267467743,4561827.8770381585,9097563.259399151
2013-05-23,6632149.769157378,4357223.988093042,8978550.205208452
2013-05-24,7141531.2076725485,4756129.729669788,9343238.916162083
2013-05-25,6196031.039422493,4032907.981335885,8401416.313334398
2013-05-26,105386.42871638853,-2215171.1651296294,2250967.2371577322
2013-05-27,8328835.163204677,5987037.997153634,10646331.539763613
2013-05-28,7471800.195832506,5154786.813842871,9888350.884328423
2013-05-29,7005230.413984116,4642325.718960268,9356058.378481524
2013-05-30,6702743.447970583,4522652.937093241,9124319.061114283
2013-05-31,7241633.055759282,5114402.877941857,9703880.053679517
2013-06-01,6323499.967352413,4005538.8542743167,8683650.430148719
2013-06-02,257393.0102431709,-2032083.664450829,2339947.828720316
2013-06-03,8501936.02048415,6216031.327573769,10747878.300808279
2013-06-04,7662028.285427711,5380371.066628248,9907123.564432777
2013-06-05,7208198.686359076,4939179.3910539,9435133.382011084
2013-06-06,6913758.996383892,4554205.784543795,9214267.960318943
2013-06-07,7455818.595599903,5179310.258914467,9676706.920562612
2013-06-08,6535919.303990501,4222700.967126002,8685343.333182424
2013-06-09,463177.06295325793,-1640378.2306011827,2705038.8718931796
2013-06-10,8696405.982063992,6499134.064020813,10965540.935989749
2013-06-11,7840812.59954335,5547518.039426876,10008660.517070537
2013-06-12,7367340.72476455,5048008.223904712,9572942.174341643
2013-06-13,7049812.602738908,4792853.7861772375,9580602.498031525
2013-06-14,7565929.026384257,5110373.164536435,10050857.615327306
2013-06-15,6617887.526504858,4267226.913030551,8991505.258811943
2013-06-16,515505.85549928155,-1698666.5853645988,2690764.101720156
2013-06-17,8718326.805419957,6452090.462776296,10956232.72375799
2013-06-18,7832292.757402884,5376354.428803165,10162408.586560285
2013-06-19,7329070.888216719,5048523.321402129,9691719.902312433
2013-06-20,6983175.322898847,4620842.33094369,9283042.839532288
2013-06-21,7472949.385375035,5231259.932107831,9670372.975029707
2013-06-22,6501167.5637899125,4300747.95914649,8767426.665377876
2013-06-23,378144.8417326519,-1782884.781147406,2675174.252508905
2013-06-24,8563829.805993788,6214508.733294943,10839177.846128728
2013-06-25,7664470.223401193,5397480.720651288,9859041.015121564
2013-06-26,7151932.225700344,4885392.340508057,9312919.794546023
2013-06-27,6800819.516691803,4450749.428402494,9139145.13479459
2013-06-28,7289455.787310395,5070353.609472677,9434882.848663092
2013-06-29,6320489.900152615,4129467.9923359025,8698307.875472676
2013-06-30,204011.34909204766,-2039347.2967559688,2561512.9142473703
2013-07-01,8399652.177749813,6102726.715950137,10734207.752266554
2013-07-02,7513263.749628912,5191662.424597374,9738438.108352082
2013-07-03,7016249.134848523,4822382.645627036,9266764.261797808
2013-07-04,6682697.112310354,4488260.575112003,8935265.446523778
2013-07-05,7190380.508090942,4705132.151249669,9488502.17258157
2013-07-06,6241377.943118504,3978932.528229764,8606520.45555807
2013-07-07,145205.99670324754,-2115184.1985535454,2273191.832404817
2013-07-08,8360937.47329112,6098337.941987868,10379635.984013056
2013-07-09,7493893.685072207,5154063.053899884,9867642.85694685
2013-07-10,7014991.07655371,4606757.357037263,9352590.721448634
2013-07-11,6697887.7845689375,4198315.739226223,8957004.82960677
2013-07-12,7219992.515531493,5051414.504260037,9462105.450446898
2013-07-13,6283094.537479189,4118670.6169226887,8694692.82826293
2013-07-14,196501.593174058,-2103942.1439414765,2493209.0562521797
2013-07-15,8419161.300238652,6041075.051854973,10954283.746235684
2013-07-16,7556353.913156677,5302071.386924822,9892966.909638273
2013-07-17,7079036.8167576725,4972100.088861543,9525401.252066119
2013-07-18,6760986.469165999,4518233.7039630385,9111735.313687935
2013-07-19,7279800.375533073,4937042.262262719,9666324.842149768
2013-07-20,6337518.158112537,4050556.9087773967,8575711.501363246
2013-07-21,243748.8552010376,-2097606.3693457386,2586142.372649035
2013-07-22,8457780.391135097,6159413.289844672,10614074.782914158
2013-07-23,7585259.501818897,5227978.865324741,9974089.551120402
2013-07-24,7097522.91988762,4765816.0926954,9452404.04774124
2013-07-25,6768725.978961922,4560706.047109499,9037512.873689104
2013-07-26,7276831.655217581,5073441.456624053,9403440.594176024
2013-07-27,6324219.528979769,4048760.4617069713,8684575.947580768
2013-07-28,220802.18367485795,-2109590.858249253,2579902.272010184
2013-07-29,8426125.325088792,6294177.945659403,10749281.44870668
2013-07-30,7546040.190864889,5144925.537061379,9806283.493491853
2013-07-31,7052029.276333053,4675164.411304261,9327502.957787184
2013-08-01,6718249.35163007,4353193.088512075,8807426.021354828
2013-08-02,7222766.547476463,4973118.687466861,9577885.566118505
2013-08-03,6267919.628763169,4026793.8186567947,8572264.381598039
2013-08-04,163522.262347579,-2132115.606456815,2675211.5711039873
2013-08-05,8368968.730636338,6407713.992915327,10471395.186369875
2013-08-06,7489913.781560546,5202625.03098426,9660487.654037463
2013-08-07,6997607.363145621,4693262.21234686,9388526.002191791
2013-08-08,6666030.226708495,4552711.995690893,8987894.466243496
2013-08-09,7172893.1247344,4936347.496791188,9531208.383372737
2013-08-10,6220258.690672439,3895409.8520810218,8352463.082585889
2013-08-11,117673.03148212843,-2133907.9509875593,2503153.073980493
2013-08-12,8324282.753653764,6043802.080619472,10541709.844124192
2013-08-13,7445525.3766553495,5044716.443117268,9709883.30027582
2013-08-14,6952473.507109176,4649806.130215149,9420215.493029011
2013-08-15,6618978.4203790575,4328796.964386564,8953220.058485245
2013-08-16,7122675.488086524,4882721.77914317,9379459.208048036
2013-08-17,6165610.309144743,3823974.436399582,8415592.394948643
2013-08-18,57372.4125745818,-2260473.360081437,2090309.633191209
2013-08-19,8257212.1619738545,6068725.193653974,10624141.177306393
2013-08-20,7370728.79996783,5077308.136100387,9868428.086839203
2013-08-21,6869210.066969485,4597326.063093727,9151662.983301068
2013-08-22,6526769.175943411,4195369.781452723,8706824.97859331
2013-08-23,7021341.787720648,4529252.31786102,9317319.169380942
2013-08-24,6055302.114937619,3909668.9545915453,8249620.316263704
2013-08-25,-61414.65199095197,-2320745.0399660626,2032598.285138864
2013-08-26,8130792.4052819945,5863523.984684729,10456102.413593626
2013-08-27,7237865.350539135,4936176.502605673,9586310.344308903
2013-08-28,6731414.338055001,4434703.185619843,9094809.360647136
2013-08-29,6385842.29969654,4042337.9865821,8489438.159008136
2013-08-30,6879330.444369115,4613865.902548698,9130661.396254286
2013-08-31,5914345.060680134,3580028.7761492766,8393424.862946318
2013-09-01,-198951.60600746237,-2574904.6523224274,1992080.003422038
2013-09-02,7999099.507467523,5757803.051587039,10277294.126744704
2013-09-03,7114424.150722851,4913445.073363272,9358478.254266126
2013-09-04,6618539.485684473,4180437.2435863013,8944913.529393917
2013-09-05,6285679.049179746,4129855.6499414686,8560087.65641947
2013-09-06,6793781.065577421,4422150.860595407,9151503.798804116
2013-09-07,5845099.6033431,3573326.0325140627,8120651.87565836
2013-09-08,-250673.9811451845,-2429569.8938952843,2087773.0308805273
2013-09-09,7965696.81248875,5787354.655609997,10016195.876752436
2013-09-10,7099676.231943267,4753060.245912553,9316608.661954086
2013-09-11,6622294.340754379,4424393.500713687,8913831.930190489
2013-09-12,6307286.493518399,3960147.498026227,8572915.45976395
2013-09-13,6832096.891250251,4534526.157383452,9178727.99630208
2013-09-14,5898505.238343497,3591642.779920247,8213468.039805874
2013-09-15,-184236.5435159281,-2429978.3464455013,2153303.9611434164
2013-09-16,8042718.090182323,5648493.610964284,10252875.734078418
2013-09-17,7184506.262512872,4867011.373430818,9588859.06897308
2013-09-18,6711905.452016295,4465083.782011943,8985086.971845755
2013-09-19,6398482.628390461,4041434.366302906,8752435.422118409
2013-09-20,6921605.073872675,4561919.23894119,9310816.684677904
2013-09-21,5983071.633773939,3662921.682950113,8211951.353852434
2013-09-22,-107748.84805058874,-2322254.0049533546,2149160.917063653
2013-09-23,8108203.612342725,5840617.143076932,10405895.29159751
2013-09-24,7236371.822978421,5057529.798075689,9585335.155096361
2013-09-25,6747923.983640503,4399346.443580971,8922195.00901737
2013-09-26,6416892.838779394,3981032.2244569045,8702675.839311803
2013-09-27,6921173.993815326,4667334.254996354,9043572.503616976
2013-09-28,5963142.474715568,3762435.1839653645,8227647.1186250225
2013-09-29,-147225.30554035865,-2345380.7596407887,2060614.7851184658
2013-09-30,8049397.462254278,5766643.431016581,10320968.096148707
2013-10-01,7159424.179171034,4913852.796253017,9339735.626126708
2013-10-02,6654615.542562452,4315872.335286806,9164636.582087321
2013-10-03,6309554.606354591,4125814.885418075,8578815.679925539
2013-10-04,6802627.561896824,4463191.5906205345,9089691.515422624
2013-10-05,5836624.23173706,3633491.1668277853,8196771.453499351
2013-10-06,-278154.0381751219,-2365605.5226389677,2092126.7802660586
2013-10-07,7918197.376352983,5579256.10844816,10332035.652515823
2013-10-08,7031850.756571553,4710004.353255915,9221016.064509125
2013-10-09,6534564.265985066,4227248.467227778,8838557.68774364
2013-10-10,6200800.5301062595,4036450.876111753,8547464.359780218
2013-10-11,6708708.858795755,4172686.772302623,8830337.311796231
2013-10-12,5760730.776286555,3475481.2511170185,8059162.437009546
2013-10-13,-333283.5317035159,-2601576.0431032083,2018843.666365969
2013-10-14,7886028.424917806,5634196.977433093,10182962.247317178
2013-10-15,7024220.752633127,4813191.129770391,9354898.134105278
2013-10-16,6552374.991581333,4176014.906336605,8789437.674854597
2013-10-17,6244238.472928162,3790064.0680487775,8493595.599217657
2013-10-18,6777227.9558651885,4382795.326093554,9068851.752344823
2013-10-19,5853057.601105716,3496934.7835840336,8179779.119789583
2013-10-20,-219121.76229845826,-2452527.1283054505,2252326.9878210607
2013-10-21,8019403.526399413,5459952.246810764,10384488.318560947
2013-10-22,7173610.810515049,4908607.038854796,9470614.849483835
2013-10-23,6714096.823904746,4615737.945734013,9017456.262778545
2013-10-24,6414233.658909164,4257041.159446264,8703933.202180907
2013-10-25,6951187.1552239545,4663172.916923809,9451455.89274042
2013-10-26,6026556.2601524405,3788008.9865136677,8440935.714884497
2013-10-27,-50480.10125759337,-2248183.1241071736,2361260.113552712
2013-10-28,8178966.63989306,6000508.998412936,10489338.696836738
2013-10-29,7320194.7455263,5141593.126208463,9609969.290088298
2013-10-30,6843736.598945102,4376776.57855183,8997716.496384036
2013-10-31,6524083.408643809,4227589.498887278,8795866.030213743
2013-11-01,7039111.615070194,4903503.838980694,9510530.015796043
2013-11-02,6091230.745932567,3646414.7974287826,8218074.536311412
2013-11-03,-9490.781827230006,-2292095.672007479,2114171.972467361
2013-11-04,8196779.981755653,5806600.891188863,10335790.25445429
2013-11-05,7316314.207065708,4883444.32542775,9716688.265699668
2013-11-06,6821143.796271336,4261736.129285167,9027687.573027391
2013-11-07,6486178.919409433,4233399.072101929,8685519.472346824
2013-11-08,6990183.701531448,4686245.539179427,9336809.092649736
2013-11-09,6036369.720294537,3764289.897698647,8438230.848873721
2013-11-10,-64504.92399714701,-2302540.183605779,2136139.861025599
2013-11-11,8147945.625658056,5703740.891565685,10392868.84919814
2013-11-12,7280387.320713103,5027660.051441756,9555905.291623855
2013-11-13,6805071.096913638,4508566.2715720385,9261678.998085082
2013-11-14,6496937.095080966,4112453.4407139746,8965806.617830357
2013-11-15,7034581.810209286,4787866.304712127,9153364.156174324
2013-11-16,6120848.176723589,3786727.4726050245,8453314.193106111
2013-11-17,65926.56746171229,-2218800.029267925,2247020.0775551694
2013-11-18,8329443.370940062,5951065.673857036,10645605.747565433
2013-11-19,7517126.014429443,5142145.26784493,9874307.89176824
2013-11-20,7100125.662453615,4761186.713459124,9477600.383129084
2013-11-21,6852144.009120943,4418506.979999742,9158738.152951293
2013-11-22,7450427.26559883,5174655.889265478,9880129.294897018
2013-11-23,6596386.733183161,4204529.934724109,8943683.031455422
2013-11-24,598733.2120170482,-1790111.7107622444,2957815.7303347765
2013-11-25,8915601.095062446,6580133.85028937,11320167.998905085
2013-11-26,8151250.129188698,5828308.485439483,10537072.790177887
2013-11-27,7775425.142229989,5558543.89475821,10094460.380956238
2013-11-28,7560519.201410283,5231865.640418089,9910609.411706233
2013-11-29,8182348.880901878,5862313.832682714,10538403.283519244
2013-11-30,7341567.483287131,5191774.524835044,9539780.186754033
2013-12-01,1346067.84908876,-999543.7916778452,3597580.0879889247
2013-12-02,9653384.56453351,7218450.134453348,11789401.00140424
2013-12-03,8867415.485059083,6408944.797832093,11236307.351190168
2013-12-04,8457795.776103154,6166486.387567215,10776606.4087254
2013-12-05,8197069.500172889,5846680.712797704,10356405.742656779
2013-12-06,8761720.612106234,6690454.044136185,11223857.658605339
2013-12-07,7852821.698626671,5663429.123702084,10267738.470514081
2013-12-08,1779186.8731401125,-553777.5752759156,3967948.2723901295
2013-12-09,9999504.07315023,7867747.321733317,12358622.381966142
2013-12-10,9119034.39844753,6743268.616193497,11341391.279929224
2013-12-11,8608958.710784748,6313454.410383662,11082887.029559312
2013-12-12,8243517.155421198,5976971.247321589,10669878.284729207
2013-12-13,8701004.220016249,6420726.142798325,10743260.943304557
2013-12-14,7684378.522158008,5545443.413533485,9936119.113746325
2013-12-15,1504374.672623301,-685559.617813732,3899011.351923986
2013-12-16,9621593.45512376,7375431.60951705,11971956.425956827
2013-12-17,8643158.983553965,6458962.566368658,10909161.921474881
2013-12-18,8042024.086922724,5852325.367538643,10463963.837013189
2013-12-19,7594070.587929863,5415897.837739184,9901476.605583658
2013-12-20,7979068.049803407,5559458.512908387,10021975.601303687
2013-12-21,6901251.067421457,4656990.910646045,9083046.92477366
2013-12-22,672403.2403287888,-1771118.5960678665,2857956.2527958835
2013-12-23,8753924.74129247,6578019.275615007,10871628.802161548
2013-12-24,7753472.682409574,5468029.336454592,9976129.03842089
2013-12-25,7144255.921617824,4846630.075217626,9527970.31939802
2013-12-26,6702131.2122631855,4443379.95231281,9056656.391982486
2013-12-27,7106564.343391015,4876697.431754765,9248776.747730475
2013-12-28,6061216.257450602,3692410.522909771,8211763.325994541
2013-12-29,-123094.56142853107,-2438534.4003674984,2161407.902623132
2013-12-30,8014106.042056321,5538528.30659769,10203124.764961872
2013-12-31,7079204.496451285,4863630.896508271,9264595.209800895
2014-01-01,6543961.468679991,4313819.027563388,8746281.652702473
2014-01-02,6182642.349070963,3957953.184983352,8434497.381950818
2014-01-03,6673015.623319271,4393292.629794382,8997850.749938544
2014-01-04,5716978.180041315,3507882.0311680785,7920599.3804501565
2014-01-05,-376305.53883344773,-2618231.003654308,1927947.3034160803
2014-01-06,7851724.971574819,5424769.695939352,10395444.28425041
2014-01-07,7005731.820556067,4722178.43180775,9019705.128844518
2014-01-08,6555841.318173613,4225530.416847232,8790415.84355749
2014-01-09,6274808.860669206,3896605.1701546125,8615943.46052119
2014-01-10,6839048.07926682,4510160.930705416,9301897.625445545
2014-01-11,5949282.603576058,3638511.9388580476,8421902.829141404
2014-01-12,-86293.22983097192,-2343136.8995390073,2250231.842379959
2014-01-13,8190130.349056209,5999919.184106213,10542551.124791922
2014-01-14,7382694.6618779795,4942614.24696408,9596859.768013472
2014-01-15,6961239.964930317,4623584.046728164,9234790.323398989
2014-01-16,6698469.333103648,4225447.268974054,8912216.493574634
2014-01-17,7270971.170852874,4914555.610198394,9543383.337426778
2014-01-18,6379858.995514559,4093860.2621961026,8700971.77633431
2014-01-19,333915.2509049289,-2061088.1421225786,2505964.45971175
2014-01-20,8591714.771899067,6254171.200037235,10796155.459818654
2014-01-21,7758315.923100394,5282658.558277373,10160223.54447836
2014-01-22,7304600.019581005,4958823.557311154,9701256.386951327
2014-01-23,7004405.062562,4698986.912703039,9314643.37058969
2014-01-24,7535516.753565027,5173333.693398092,10065859.352989929
2014-01-25,6600276.286346584,4156866.1390548735,8536356.096468845
2014-01-26,508692.52284558676,-1822212.106566162,2870871.228634084
2014-01-27,8720534.991997018,6532588.79439821,10969870.93032349
2014-01-28,7841992.642199665,5580494.336418353,10263008.708125696
2014-01-29,7344998.951397479,5032309.81003635,9595425.514532588
2014-01-30,7004331.436584968,4593566.52404339,9336422.671133576
2014-01-31,7498587.628859063,5282976.529294694,9876861.57909674
2014-02-01,6530778.103727345,4289095.3538127905,8653618.655010812
2014-02-02,411428.297135585,-1932862.5798356123,2908278.3915644926
2014-02-03,8600665.683052514,6186029.107483389,11000021.323095163
2014-02-04,7704881.110796077,5399710.205539074,9905727.779784197
2014-02-05,7196045.486675983,4860760.013122217,9546846.031554043
2014-02-06,6848828.20068407,4601077.613685823,9115763.782757284
2014-02-07,7341580.414124785,5288281.714656691,9718678.328633936
2014-02-08,6376942.6466689715,4182423.6945852777,8830039.944254132
2014-02-09,264964.00027476344,-2110973.9562023263,2511391.4032115173
2014-02-10,8465208.995372117,6304211.050616308,10728382.865006985
2014-02-11,7583440.1695100125,5283484.341850575,9783325.853615519
2014-02-12,7090956.94770298,4918665.657278465,9289822.505702628
2014-02-13,6761736.501678495,4496719.622153107,9248027.840443404
2014-02-14,7273439.043593935,4981946.0805602325,9322535.45310982
2014-02-15,6328036.353561184,3978416.1630049683,8551296.250609698
2014-02-16,234950.29021476023,-2060508.8869008536,2378921.726246196
2014-02-17,8453176.736534368,6076327.870828379,10671280.857944679
2014-02-18,7587982.689529223,5102337.533235928,9870043.499605509
2014-02-19,7110256.652041737,4785697.001925164,9434828.24260433
2014-02-20,6793657.7937728,4495570.23350348,9061218.981842013
2014-02-21,7315626.181682137,5032299.342276628,9799121.512239508
2014-02-22,6378012.842467125,4128093.0648710523,8680550.221787918
2014-02-23,290216.4740388347,-2034425.5380518753,2517265.3212179714
2014-02-24,8511302.430383092,6148389.890528742,10818912.99720227
2014-02-25,7646691.952863466,5450015.062796203,10027155.871606229
2014-02-26,7167502.156786066,4955203.461201184,9457607.975937305
2014-02-27,6847682.6610945165,4446111.01748971,9157259.572132606
2014-02-28,7365011.644152423,5085497.117308767,9709164.864882687
2014-03-01,6421710.602473419,4190419.2376353466,8809949.034006462
2014-03-02,327565.1809698241,-2032849.4052828231,2549568.72339694
2014-03-03,8542028.24707384,6121847.282212736,10976802.183942711
2014-03-04,7670893.7241728725,5339362.29745753,9817856.333773078
2014-03-05,7185622.205679135,4958672.123006373,9357929.034458999
2014-03-06,6860464.708866085,4555492.302652214,9060079.512427935
2014-03-07,7373447.759582847,5163776.347348986,9689395.193576546
2014-03-08,6426979.432897523,3993627.097348737,8743585.196058128
2014-03-09,330963.97398879007,-2003268.3329617863,2668992.7094981
2014-03-10,8544901.348821647,6305718.461333558,10845479.900018534
2014-03-11,7674560.322120612,5494630.353357401,9878491.136070495
2014-03-12,7191306.072467242,4800745.021036071,9451097.229031378
2014-03-13,6869228.600735863,4544408.416653971,8936683.266361387
2014-03-14,7386134.931706031,4998884.790698146,9748878.058780918
2014-03-15,6444164.462005462,4209921.098559284,8801927.129630383
2014-03-16,352914.7351083867,-2000109.0541705794,2545383.892036186
2014-03-17,8571553.590387955,6154455.1362443715,10924519.778003922
2014-03-18,7705505.833684809,5417037.283196701,10038217.12216763
2014-03-19,7225794.959389889,4983737.185430242,9698398.039350588
2014-03-20,6906185.6833646605,4618314.976879209,9059630.003299192
2014-03-21,7424189.7913801735,5194754.301606509,9672773.881282412
2014-03-22,6481694.176806372,4357629.977956458,8783923.112662764
2014-03-23,388097.901755875,-1996040.0896699536,2697273.373053204
2014-03-24,8602433.828034028,6228869.866472594,10736430.099577261
2014-03-25,7730062.624767698,5268837.819887324,9855850.039516184
2014-03-26,7242019.412020567,4906956.40754739,9605111.240029257
2014-03-27,6912158.608472589,4519185.614909871,9104173.439374994
2014-03-28,7418159.38167995,5052950.877486733,9818159.917834206
2014-03-29,6462150.557439183,4173208.505339461,8651072.7609641
2014-03-30,353841.8972160965,-1858185.7056407165,2627708.0890218774
2014-03-31,8552637.444685506,6382074.851376557,10931942.682133956
2014-04-01,7664318.996440746,5347940.901355996,9901309.755374637
2014-04-02,7160380.270933583,4946844.892302438,9565759.610727115
2014-04-03,6815157.727676297,4491910.631986946,9108937.28892666
2014-04-04,7306820.871561379,5020066.51126777,9799140.655837687
2014-04-05,6337981.375810052,4039984.042341071,8660761.967428768
2014-04-06,218808.43147192989,-2133259.366341777,2523587.768242188
2014-04-07,8409126.540446581,6066472.252478586,10595451.411669094
2014-04-08,7515084.306079594,5273140.480027513,9878421.139263293
2014-04-09,7008475.27982536,4728297.712850816,9265628.606022775
2014-04-10,6663857.259166503,4319355.612681585,8990518.159351598
2014-04-11,7159533.264312404,4766979.879141349,9443820.80856742
2014-04-12,6198153.854724765,4012196.5873760213,8458365.250255713
2014-04-13,89828.4466682123,-2162058.457764539,2376139.542965247
2014-04-14,8294222.018443216,6072108.349576259,10577513.85290325
2014-04-15,7417225.837851107,5230739.3695786325,9907622.35657878
2014-04-16,6930283.259135313,4666326.844750363,9216724.407922065
2014-04-17,6607516.880121005,4369779.683271943,8915397.463484017
2014-04-18,7126720.093359337,4812716.626979272,9344324.275303079
2014-04-19,6189972.413246597,3802585.542811657,8549134.054715147
2014-04-20,106765.88435993437,-2156059.031844087,2449673.948581638
2014-04-21,8336118.535421992,6022913.043462231,10548175.097586501
2014-04-22,7483263.036458256,5301561.6109184595,9571202.630166795
2014-04-23,7018991.088978505,4659851.67227005,9292183.832756683
2014-04-24,6716799.297451298,4596176.862883821,9121735.68154511
2014-04-25,7253899.004356116,4836550.085525205,9509975.028850725
2014-04-26,6331848.926648635,4000687.4791473714,8701561.323127823
2014-04-27,259697.37838827725,-2027622.9330202267,2453172.6771639325
2014-04-28,8496109.56279587,6019756.843259485,10792813.973675609
2014-04-29,7646067.665321082,5359781.654195954,10130340.495884309
2014-04-30,7180223.91443947,4878850.504647438,9300741.853324212
2014-05-01,6872052.079630084,4528326.305608548,9198798.092203397
2014-05-02,7398859.691370426,4999991.542844655,9809533.280808676
2014-05-03,6462419.719560671,4073441.196756448,8704839.187784009
2014-05-04,372108.48925047275,-1882349.7092839926,2779623.1063799723
2014-05-05,8587025.408972042,6448467.392185342,10820525.06999939
2014-05-06,7712682.428662945,5512228.611267268,10053492.125630667
2014-05-07,7220343.674157267,4915234.079543733,9408887.28150883
2014-05-08,6884161.083902329,4665337.964786924,9156420.330967983
2014-05-09,7382168.766491957,5107962.769067695,9738525.094333347
2014-05-10,6416895.307094443,4031953.3876709603,8703918.0404902
2014-05-11,298481.3398484532,-1934633.7600846724,2620332.7027866542
2014-05-12,8486778.530596038,5999647.98162885,10912881.558116134
2014-05-13,7588018.469560148,5242524.15130337,9870273.838952802
2014-05-14,7074132.501892884,4770718.064058769,9515468.637642695
2014-05-15,6719868.882626785,4419532.61279634,8882477.897386147
2014-05-16,7203770.500340486,5025100.116582664,9323014.963954167
2014-05-17,6228772.871971772,3984750.0912745497,8616574.385891335
2014-05-18,105310.13630545605,-2211263.785424718,2448748.5119024976
2014-05-19,8293405.523335078,6091540.0691188695,10589244.16835795
2014-05-20,7399335.046944931,5068378.520781497,9613302.604265034
2014-05-21,6894945.601864099,4726455.883912457,9095773.55373545
2014-05-22,6554773.907678735,4278306.817931606,8850252.778120358
2014-05-23,7057029.499555443,4689976.9145965045,9354248.863001645
2014-05-24,6104201.326631093,3829475.4593665637,8331272.021144629
2014-05-25,6175.447915724479,-2228274.9218289508,2241891.4284564345
2014-05-26,8222339.979339358,5899782.3306152085,10483693.403189069
2014-05-27,7358265.636517232,5035762.4392551975,9674635.269282194
2014-05-28,6885042.585468373,4567559.958632997,9075563.740562247
2014-05-29,6576419.52092658,4189766.1609779475,8848370.17367149
2014-05-30,7109807.6132202735,4810720.007845245,9237244.28176217
2014-05-31,6186908.300665409,3931480.3227084214,8448473.808686703
2014-06-01,116851.83050479554,-2049434.098001015,2335939.0579316313
2014-06-02,8358322.125618876,6070416.501772629,10448840.795615623
2014-06-03,7516255.773239445,5233700.8588191895,9712876.856352404
2014-06-04,7061195.342980799,4764393.050445451,9346077.010864843
2014-06-05,6766442.507306619,4570413.263141663,8934155.674426509
2014-06-06,7309073.227661349,4960265.005101392,9669933.935018012
2014-06-07,6390573.687915527,4074616.8248356744,8774538.181463007
2014-06-08,319983.67131003365,-1896484.2409531882,2582146.9183034115
2014-06-09,8556022.844733497,6299511.637192687,10978129.450800605
2014-06-10,7703787.731869608,5365691.962783459,10027814.087256854
2014-06-11,7234099.663140394,5028015.6512242695,9434418.879735526
2014-06-12,6920649.352284791,4707998.543314835,9274572.989425013
2014-06-13,7441000.626107625,5109971.174911934,9769004.097649503
2014-06-14,6497212.334608864,4219823.8001390835,8813174.90754011
2014-06-15,398965.5513016628,-1740598.0523380572,2917280.6580762197
2014-06-16,8605672.000758404,6281298.806946934,10773290.210374046
2014-06-17,7723152.009817484,5461364.2325184615,10129598.099141119
2014-06-18,7222962.815051047,5027234.24592546,9514294.391313447
2014-06-19,6879523.432381263,4532873.174471425,9235836.247797921
2014-06-20,7371099.168672702,5139110.060991624,9862553.018774817
2014-06-21,6400405.335021885,4126679.21925856,8515418.087829579
2014-06-22,277717.7703237049,-2134873.9598646187,2408518.671177993
2014-06-23,8462966.560801879,6226997.43833958,10907159.725677516
2014-06-24,7562401.639532985,5415235.645686352,9824226.451555233
2014-06-25,7047911.413640962,4701999.363628139,9440603.254945412
2014-06-26,6694140.859408054,4415773.25418796,8968631.583190171
2014-06-27,7179472.418157536,4785429.205382473,9652795.892077757
2014-06-28,6206628.780755433,3955292.1904118457,8551324.924876569
2014-06-29,85786.19451337494,-2395161.187451215,2343246.3213241235
2014-06-30,8276673.496083905,5790351.34573014,10727826.087882278
2014-07-01,7385245.877186651,4955276.759475449,9672098.740857841
2014-07-02,6883014.140291572,4450574.886926237,9145838.457149334
2014-07-03,6544175.531914019,4251219.936664027,8890238.908814894
2014-07-04,7046608.971494177,4838874.580094367,9184989.926892582
2014-07-05,6092493.83962649,3673122.772320324,8394097.295858879
2014-07-06,-8560.582846947946,-2373029.0220552366,2293573.529024645
2014-07-07,8202600.739490842,5835235.150497075,10386861.644287538
2014-07-08,7331368.844937201,4747557.944586282,9435920.400951734
2014-07-09,6848715.796212194,4482758.695600634,9117717.700492227
2014-07-10,6528340.108774078,4231989.809108304,8742095.839985231
2014-07-11,7047674.991986523,4738600.489575244,9226674.255310327
2014-07-12,6108518.209554874,3854400.0561302463,8373327.429090581
2014-07-13,20170.358605251648,-2346390.0888075116,2244142.2149145664
2014-07-14,8241557.111678494,5854277.9709193325,10513380.665232023
2014-07-15,7377923.259302884,4921462.625081298,9668709.014961157
2014-07-16,6900178.873571016,4710497.044941215,9166314.402451804
2014-07-17,6582043.249363234,4264070.874805336,8718703.789602315
2014-07-18,7101049.133987545,4688636.687667354,9305315.684681948
2014-07-19,6159166.233400588,3940752.123092084,8489631.249175975
2014-07-20,65931.04503949173,-2269856.102880048,2402557.94307626
2014-07-21,8280558.875541531,5973418.960612537,10546665.602942338
2014-07-22,7408626.244607532,5225217.540806106,9840169.817069313
2014-07-23,6921404.398885561,4547098.96838077,9040099.594063584
2014-07-24,6592990.021275016,4395312.1096460605,8831384.139777452
2014-07-25,7101296.0883269925,4823485.56572808,9436742.462349944
2014-07-26,6148662.302305544,3669870.388412059,8512506.10299953
2014-07-27,44972.57225380186,-2253484.6935623423,2389753.4281323585
2014-07-28,8249755.889780795,5916584.279586688,10461066.985834915
2014-07-29,7368858.683487078,5025275.5380994715,9690240.502568433
2014-07-30,6873770.616907877,4494520.6404225575,9242111.934962695
2014-07-31,6538749.213410851,4392669.629320508,8653442.61042082
2014-08-01,7041806.900236466,4730369.75817868,9312059.57477223
2014-08-02,6085319.901165188,3861369.1672215494,8330987.375527219
2014-08-03,-20853.528490922414,-2302206.5275326334,2045189.8653342125
2014-08-04,8182730.670259949,5900838.114187143,10443770.275340583
2014-08-05,7301780.093761999,4968655.849987732,9614337.931885986
2014-08-06,6807598.393858021,4427179.009054412,9108884.15469001
2014-08-07,6474218.642550932,4001142.2594952253,8785550.618924916
2014-08-08,6979400.348655318,4646754.299154537,9253186.404446851
2014-08-09,6025249.290221526,3682746.9825819237,8339722.509898513
2014-08-10,-78652.7344097253,-2342457.8042129874,2298662.240690769
2014-08-11,8126867.549927942,5918860.637023552,10355863.66453457
2014-08-12,7247264.066375504,4984994.4535980215,9714671.684950843
2014-08-13,6753614.691564905,4484973.858683534,8957629.304994142
2014-08-14,6419764.373853325,4003393.540495875,8627562.923161667
2014-08-15,6923330.523067773,4731633.817106732,9239113.722973462
2014-08-16,5966329.53341065,3667477.266011888,8358182.993670035
2014-08-17,-141688.70142803527,-2403795.4003434177,2213744.866368535
2014-08-18,8058477.324981334,5629903.468496836,10367181.025521355
2014-08-19,7172370.343870862,4901887.840891534,9392812.38377694
2014-08-20,6671215.806901111,4327763.6954857,8978170.380717963
2014-08-21,6329060.985890603,3940904.9933128944,8515424.101000901
2014-08-22,6823774.251664644,4497413.876023868,9065996.609424215
2014-08-23,5857663.5835400205,3592738.017028163,8165916.198576589
2014-08-24,-259398.5778254047,-2671292.192229789,2131415.224508145
2014-08-25,7932131.785342377,5583196.362279123,10288397.565180827
2014-08-26,7038147.908205991,4599084.7748747915,9403565.306832036
2014-08-27,6530618.800888213,4264364.671906137,8684103.04905213
2014-08-28,6183522.815115315,3865754.6698713554,8531139.923328847
2014-08-29,6675027.329081127,4418901.624883074,8904464.864225125
2014-08-30,5707697.928837502,3393913.583361914,8032198.6075671455
2014-08-31,-408387.33877019025,-2707325.549470554,1930851.8337010364
2014-09-01,7786460.047217658,5386619.615504409,10247603.39444129
2014-09-02,6898209.453159039,4588002.449560676,9303911.82694539
2014-09-03,6398434.882901607,4250956.988986949,8621122.598073337
2014-09-04,6061438.548564861,3773369.296600414,8357708.877963948
2014-09-05,6565237.369362577,4188086.4997641738,8875727.39939018
2014-09-06,5612171.942313127,3223156.0465557226,7851708.311085057
2014-09-07,-487974.5090437075,-2861982.471449386,2066905.1662794817
2014-09-08,7724128.990858421,5330873.791566627,10005908.195399119
2014-09-09,6854040.889486104,4796249.587995414,9156882.027683182
2014-09-10,6372882.227561382,4157035.6437217845,8578660.79316234
2014-09-11,6054473.195787039,3597397.4865906783,8290225.832912377
2014-09-12,6576333.8937619,4284311.2923228005,8897345.457128204
2014-09-13,5640308.404092073,3319649.0287928954,7865987.301903324
2014-09-14,-444300.77761860006,-2840998.433987253,1808027.3708049946
2014-09-15,7781387.75673872,5475663.409732995,10173938.682613624
2014-09-16,6922528.82259524,4781037.1314561,9258096.722882358
2014-09-17,6449899.459077501,4188817.9458784293,8754437.135070713
2014-09-18,6137047.644868785,3774351.993295416,8463732.479838375
2014-09-19,6661303.264643199,4169945.6667021257,9010906.970094917
2014-09-20,5724410.076608628,3458959.421336993,7984798.865507973
2014-09-21,-364334.57383325323,-2821561.166971723,1847956.634129466
2014-09-22,7854043.199030902,5622094.7243643515,10259261.22996936
2014-09-23,6984887.804271772,4636689.94770956,9335509.289809788
2014-09-24,6499259.467712693,4134384.2947284123,8851760.988945134
2014-09-25,6171076.461527465,3756529.9029206657,8586522.92235581
2014-09-26,6679093.466429777,4384216.256291262,8909348.327887058
2014-09-27,5724591.519239194,3343768.3639891148,7893855.646099395
2014-09-28,-382566.33618315216,-2726415.3285855735,1749676.7945114286
2014-09-29,7817195.131800944,5581032.719997168,10047836.772436956
2014-09-30,6929839.830133367,4643821.799990538,9323654.78899121
2014-10-01,6427047.219475127,4139424.7663857695,8705318.905565673
2014-10-02,6083335.756868554,3888646.653700935,8499847.712485457
2014-10-03,6577045.963141987,4263754.244912136,8891300.429980544
2014-10-04,5610942.670540114,3388851.3115213746,7639765.964006735
2014-10-05,-504675.9274147814,-2842990.7009212943,1861493.0644811064
2014-10-06,7690113.992098773,5504268.592657584,10114020.34625636
2014-10-07,6801526.100508147,4561779.141891533,8878540.275374327
2014-10-08,6301381.300943967,3976448.591491781,8537253.138813995
2014-10-09,5964224.795531106,3606771.4690011726,8295857.284409804
2014-10-10,6468306.155781141,4228172.074033697,8836559.422340713
2014-10-11,5516182.113475325,3309802.7054902073,7884802.923508852
2014-10-12,-582170.2488404317,-2855813.638562164,1953238.126405445
2014-10-13,7632746.458427167,5385245.466839791,9848635.041550074
2014-10-14,6766625.229154071,4449463.748635106,9025689.229006693
2014-10-15,6290686.249039667,3995198.087507431,8446642.010476219
2014-10-16,5978810.931367881,3624732.0079236855,8333354.27148437
2014-10-17,6508541.267311659,4262037.42740885,8779527.910392886
2014-10-18,5581703.6774296295,3241057.5849347147,7771652.081419467
2014-10-19,-492455.55223020073,-2919358.3340031696,1647251.215263966
2014-10-20,7744852.474931579,5469264.42847715,10145333.515076604
2014-10-21,6898657.222393784,4517319.208747138,9293669.955113262
2014-10-22,6439582.155880971,4021695.850791508,8821783.093944348
2014-10-23,6140999.142769147,3760825.5612225668,8429476.955646686
2014-10-24,6680046.039628059,4454224.093269133,9005552.10686634
2014-10-25,5758266.060787451,3374104.9835800184,8152827.143417358
2014-10-26,-314245.85425479617,-2469112.9767081407,2078484.093309829
2014-10-27,7920292.306609111,5513943.818013993,10099209.082167065
2014-10-28,7067048.116628426,4758971.605163214,9383756.88053023
2014-10-29,6596929.772352731,4315842.919272965,8909948.837785814
2014-10-30,6283736.40160182,3937704.078056312,8419019.630726023
2014-10-31,6805167.191714784,4584118.935250039,9147031.608233793
2014-11-01,5863448.06801381,3558703.4170213058,8054653.850317564
2014-11-02,-231537.25708146766,-2379097.557635007,2166890.3423540783
2014-11-03,7979863.799210218,5680252.975581921,10236134.107015137
2014-11-04,7103751.860268762,4694529.18571198,9381059.630678503
2014-11-05,6612003.473165952,4139626.2770571196,8877695.793266384
2014-11-06,6279393.752059557,4054785.7969882595,8647362.677156666
2014-11-07,6784576.758340167,4495532.91503038,9076150.527564496
2014-11-08,5830683.136027745,3601425.054985086,8093529.718374424
2014-11-09,-271577.36408336554,-2495828.8121890263,1864599.9816955035
2014-11-10,7938168.008049625,5656316.246049826,10483330.002919141
2014-11-11,7066609.109984962,4909952.694690857,9331870.164153077
2014-11-12,6586058.609666259,4185546.6073049647,8721747.990973247
2014-11-13,6271556.017112628,3910220.0579876653,8638755.582125189
2014-11-14,6801833.624231274,4573351.417760874,9064286.17760179
2014-11-15,5879904.370027944,3569635.539131575,8106695.450996528
2014-11-16,-183840.35441984423,-2535546.695719644,1990401.1648154205
2014-11-17,8070453.76746425,5768813.450666102,10480115.13583605
2014-11-18,7248764.076801224,4662861.064328488,9445414.347881867
2014-11-19,6822508.006727951,4618183.1198731465,9261900.790285844
2014-11-20,6565663.6703792475,4245837.300953721,8791954.060593147
2014-11-21,7155757.222646079,5003582.762214221,9476068.059069179
2014-11-22,6294476.550748433,3957438.3007530663,8662630.140837697
2014-11-23,290798.71853097714,-1848831.721003129,2643695.96660949
2014-11-24,8603107.192726599,6493835.923451503,10960856.3124136
2014-11-25,7836191.754734457,5560221.850288452,10110664.789185205
2014-11-26,7459687.860009712,5167568.760081122,9718258.35679111
2014-11-27,7246148.497495833,4995321.201992477,9380065.579869302
2014-11-28,7871763.43053406,5530736.5110121025,10283505.08890245
2014-11-29,7037008.132967804,4742692.351171142,9329787.051843967
2014-11-30,1049804.1735956352,-1291401.932788338,3351180.579429989
2014-12-01,9367666.194913946,7184028.106537265,11667584.350495478
2014-12-02,8594422.837193953,6275201.012051969,10838489.565964596
2014-12-03,8199591.364522632,5881725.130853116,10431776.820679221
2014-12-04,7955551.020010196,5623809.818491345,10218135.499441393
2014-12-05,8538576.941916846,6313741.306354793,10849204.61184442
2014-12-06,7649492.915174147,5265386.075245871,9997152.092052678
2014-12-07,1596829.2803062843,-766875.4285839808,3756983.3477622955
2014-12-08,9838961.131642366,7683273.782758967,12273520.663527433
2014-12-09,8980814.303754762,6692085.522018565,11385205.984833537
2014-12-10,8493219.208915439,6218671.952320967,10889921.40314892
2014-12-11,8150058.0110381665,5975861.699127361,10559696.5516007
2014-12-12,8629267.566251913,6471109.777874489,10997042.513446633
2014-12-13,7633457.129250182,5400463.054661841,9787834.799104663
2014-12-14,1473027.9789492479,-855762.6748503197,3896303.743780294
2014-12-15,9608271.013945915,7323775.445646594,11917195.121578513
2014-12-16,8646030.79737571,6389273.493275748,11002157.963814871
2014-12-17,8059017.13277422,5834816.858079164,10164057.90143458
2014-12-18,7622910.685865575,5217494.338205985,9888187.987385659
2014-12-19,8017326.097233435,5817077.922705109,10378012.502161605
2014-12-20,6946392.557500027,4772983.3457485,9253094.36369707
2014-12-21,721839.9045508401,-1638860.089596803,3084225.5102209593
2014-12-22,8805067.10916872,6495054.433373098,10956183.780990059
2014-12-23,7803782.3329391815,5576643.463930111,10216276.820668397
2014-12-24,7191296.214928117,4860742.563494537,9491299.200653836
2014-12-25,6743618.732475531,4466347.387737078,8804752.387407735
2014-12-26,7140406.362676369,4912865.13600104,9468580.946291978
2014-12-27,6085553.618932302,3814774.046199034,8326629.443506905
2014-12-28,-109717.01499989163,-2447259.845549783,2319411.660427036
2014-12-29,8015226.895034146,5744378.3059313325,10331560.46021205
2014-12-30,7067087.177436237,4906609.948231778,9235211.22982481
2014-12-31,6517953.105835396,4145155.5263934685,8782369.239621153
2015-01-01,6142424.358619401,3715542.407199992,8202084.95542949
2015-01-02,6618601.848688345,4257189.844107636,9032585.99720431
2015-01-03,5648705.657101935,3298869.604492927,7794124.011303504
2015-01-04,-457792.8432022566,-2691172.1778395236,1782990.1526580339
2015-01-05,7757951.010444861,5506069.358070647,10103628.15532926
2015-01-06,6900854.867378272,4516314.246534989,9374647.754558036
2015-01-07,6441266.916160809,4208893.582153627,8854891.369628642
2015-01-08,6152126.637975519,3721997.1604178497,8274446.157306713
2015-01-09,6709990.821331831,4387552.0788591765,9079292.198720483
2015-01-10,5815683.24799131,3481116.9737404147,8240122.769082904
2015-01-11,-222545.58793720417,-2526184.761493,1993669.6670813665
2015-01-12,8053126.347154489,5844401.059619297,10420678.325597545
2015-01-13,7246809.909541232,4904907.744440708,9513898.365140084
2015-01-14,6828274.337255036,4526185.988388761,9141806.898752559
2015-01-15,6570114.243510453,4301423.100905964,8743833.825696653
2015-01-16,7148776.068388307,4773335.584946329,9293890.314371526
2015-01-17,6265202.514124087,3847979.114643995,8524186.340315666
2015-01-18,227981.58421569318,-2065083.1073185136,2557835.70839779
2015-01-19,8495475.69780654,6334654.134776598,10746052.778307088
2015-01-20,7672518.745182201,5407821.983825753,10085071.511194395
2015-01-21,7229761.531005417,4857270.422747,9529386.16363219
2015-01-22,6940811.478371326,4686888.42032067,9220959.163526924
2015-01-23,7483229.401543638,5122212.254057608,9865925.614023335
2015-01-24,6559143.906882051,4061844.197685058,8776586.730581222
2015-01-25,478364.86834404804,-1972228.19140276,2584138.918216653
2015-01-26,8700484.353296569,6419418.651479894,10850788.97887521
2015-01-27,7831541.6397127025,5560432.311150804,10065717.96092745
2015-01-28,7343339.579852834,5050115.027682496,9663486.283868512
2015-01-29,7010557.6942644995,4699516.7319243625,9313703.393036107
2015-01-30,7511725.435494061,5199308.697133052,9752055.431417903
2015-01-31,6549815.506743784,4290183.9835629305,8755208.13304619
2015-02-01,435345.127548038,-1800952.4617982588,2757752.6826512585
2015-02-02,8628461.865299933,6382231.935230915,10680084.446377592
2015-02-03,7735602.896317893,5485021.336914042,9832683.473905608
2015-02-04,7228808.964132084,4971724.075464093,9377856.503102524
2015-02-05,6882839.536189836,4616441.3639014345,9179605.63137129
2015-02-06,7376152.387278782,5141114.281371405,9713171.18544721
2015-02-07,6411507.170470314,3969742.9148030235,8726916.264919383
2015-02-08,299080.44049435016,-2089446.498072723,2710733.921008406
2015-02-09,8498568.234517887,6129053.307741958,10866962.534098098
2015-02-10,7615864.488114255,5265150.130573973,9904594.531947564
2015-02-11,7122395.91698833,4960894.82427684,9447728.762052193
2015-02-12,6792259.194465252,4305912.4422523,8962463.822928773
2015-02-13,7303222.970412256,4923642.837842921,9623525.113741918
2015-02-14,6357353.616119213,4059218.46068679,8658619.718374489
2015-02-15,264151.5121876942,-2149515.1146546975,2583679.1945978007
2015-02-16,8482673.381089997,6303207.812486742,10657541.899224896
2015-02-17,7618228.401928258,5429268.392421367,10026095.231593883
2015-02-18,7141728.274404707,4699805.296135188,9578566.511018282
2015-02-19,6826836.687815932,4651892.411668419,9254921.091073953
2015-02-20,7350980.46409898,4937633.868015077,9864239.648348883
2015-02-21,6415981.088830117,4189027.4012665884,8859279.653442578
2015-02-22,331193.3817922892,-1882160.300898191,2778457.554325233
2015-02-23,8555626.851986405,6163123.105334817,10833300.146506995
2015-02-24,7694637.620496507,5425634.261558005,9927863.462998383
2015-02-25,7219271.320786139,4919336.325358025,9444642.396437982
2015-02-26,6903402.762062743,4803641.103753694,9384168.655898986
2015-02-27,7424735.030208351,4958107.344001927,9911308.61045675
2015-02-28,6485417.20608998,4088646.866842266,8897330.359764772
2015-03-01,395167.965311137,-1907951.053822121,2577141.4451965448
2015-03-02,8613381.144447064,6159625.445447167,11024872.23941151
2015-03-03,7745801.709076034,5536896.084271887,9945702.167957826
2015-03-04,7263853.078372507,4898791.464072548,9500629.742795898
2015-03-05,6941762.113804454,4670894.0564236175,9164502.97240583
2015-03-06,7457544.928413935,5249507.958699678,9836169.597653415
2015-03-07,6513613.12398584,3972914.8497699127,8691262.11169188
2015-03-08,419888.0808730265,-1862957.5654406594,2641838.814225999
2015-03-09,8635899.667864421,6301023.230345081,10894170.291511282
2015-03-10,7767458.003978621,5349382.905034407,10033638.589230945
2015-03-11,7285979.333050738,4916353.603404695,9440176.994883947
2015-03-12,6965612.330415098,4703360.838921528,9241993.859637117
2015-03-13,7484227.917996116,5279778.02909098,9879052.9970098
2015-03-14,6544032.025409432,4381014.338119577,8824290.255832508
2015-03-15,454688.6688012006,-1711527.5269174383,2744493.6461158507
2015-03-16,8675429.38907547,6383047.250083387,10957603.95567954
2015-03-17,7811737.291337815,5578162.840622566,10106623.4501153
2015-03-18,7334686.307775652,5067425.566184811,9699598.619833594
2015-03-19,7018081.528830674,4807325.44375511,9316829.405462168
2015-03-20,7539463.1852486655,5261131.6535770465,9784607.033390533
2015-03-21,6600733.221081466,4192762.3534799563,8853556.445055204
2015-03-22,511291.3451773869,-1780694.7003672174,2857700.9210812273
2015-03-23,8730156.145821342,6441652.573400976,11080937.530136952
2015-03-24,7862659.097840529,5488189.112401869,10114557.900292397
2015-03-25,7379791.726776169,5203272.637637905,9650191.123879546
2015-03-26,7055351.486892966,4913849.794162449,9547256.410496743
2015-03-27,7566948.722769432,5181982.53402404,9852940.876687584
2015-03-28,6616633.527679727,4477674.618097444,8883059.781800725
2015-03-29,514029.3463175129,-1869519.5674464514,2906844.606912254
2015-03-30,8718448.956788834,6483626.515854526,10932062.299870279
2015-03-31,7835580.799693385,5515770.809376195,10090153.219428318
2015-04-01,7336826.141581676,5118211.6115919035,9464561.267977344
2015-04-02,6996432.928930144,4634193.051787537,9199133.13284516
2015-04-03,7492489.0707252575,5212025.238542431,9829575.932887902
2015-04-04,6527534.386877376,4238887.852925527,8796071.108323226
2015-04-05,411678.5379076274,-1864331.062177509,2665655.2662028065
2015-04-06,8604701.067773603,6208507.7552088685,10967423.376182195
2015-04-07,7712722.0371242035,5359270.786988317,9961385.486311141
2015-04-08,7207524.242085953,4818439.2181571005,9576691.187976718
2015-04-09,6863673.363135592,4717962.031874218,9144472.957577685
2015-04-10,7359499.237339608,5109042.190518785,9626323.788209062
2015-04-11,6397697.897048513,4035638.3034210484,8678517.610266518
2015-04-12,288442.03628996294,-2069677.9045508597,2512226.4997873013
2015-04-13,8491476.308545053,6100624.547733569,10645814.143621733
2015-04-14,7612786.125123155,5431890.930361659,9929555.692243773
2015-04-15,7123921.052175634,4811694.429181696,9450244.229365945
2015-04-16,6799119.162583019,4395088.635560666,9188049.879976755
2015-04-17,7316295.454868337,5131538.643170811,9537080.550389618
2015-04-18,6377653.810732182,4047966.2451976435,8663126.453679906
2015-04-19,292809.8931635851,-1860698.202269598,2757345.1906834375
2015-04-20,8520901.05237332,6327631.01117726,10904864.402165797
2015-04-21,7667271.50128392,5293023.275027612,9840598.243707767
2015-04-22,7202813.393967954,4926948.431396233,9442660.358222345
2015-04-23,6901109.655132584,4681591.270996337,9250346.202611407
2015-04-24,7439441.134776985,5256553.107639337,9676426.98131185
2015-04-25,6519417.008723812,4196865.875250634,8970516.101224082
2015-04-26,450115.2798131304,-1873354.8324349392,2737794.1610638495
2015-04-27,8690208.918749925,6312859.100597597,10989353.048550142
2015-04-28,7844665.414298243,5647247.983506196,10233926.40837516
2015-04-29,7384099.9241376445,5127355.4164065495,9719857.65041902
2015-04-30,7081927.496603032,4907127.954206338,9180749.048105495
2015-05-01,7615376.63448146,5294219.418102818,9928137.785386167
2015-05-02,6686122.904227243,4444922.316979783,8921471.133808417
2015-05-03,603429.3192094294,-1538475.4618820422,3003214.468917971
2015-05-04,8826269.005935539,6467506.596434537,11096701.68231552
2015-05-05,7960017.990747178,5772011.749830538,10227844.742241997
2015-05-06,7475798.461479269,5180522.981456326,9786693.42381892
2015-05-07,7147618.229389724,4873784.676191437,9484402.380651345
2015-05-08,7653369.002774129,5414253.628512338,9889812.44569557
2015-05-09,6695442.589980194,4393990.980982858,9049670.71216727
2015-05-10,583852.2390947677,-1803484.774930101,2939628.999618957
2015-05-11,8778335.151414646,6377131.023906635,11130296.573621439
2015-05-12,7885024.568565251,5307334.971811024,10161042.392133623
2015-05-13,7375772.36906661,4957263.371439822,9568899.984981053
2015-05-14,7025268.482331691,4661520.94338324,9345447.988480072
2015-05-15,7512020.299153386,5156470.119970987,9832874.295309722
2015-05-16,6538951.731945583,4184548.80756389,8864368.505962428
2015-05-17,416509.62122889794,-2040287.843437447,2740110.125493956
2015-05-18,8604753.952507876,6357011.290871987,10789072.245995004
2015-05-19,7710020.636975739,5257175.393604093,10014931.402748618
2015-05-20,7204238.061566991,4782875.094606668,9405497.340510001
2015-05-21,6862043.893781583,4587143.964010662,9083566.112202864
2015-05-22,7361765.400468925,5197216.505550226,9509931.676693754
2015-05-23,6406022.915601943,3965444.3577552233,8720226.464469891
2015-05-24,304844.0345570212,-2176904.081070781,2797899.819166018
2015-05-25,8517764.785857225,6379739.686990672,10753542.881382162
2015-05-26,7650506.230613944,5407992.592761807,9885109.926199289
2015-05-27,7174307.311225219,5022410.971387721,9408062.742914803
2015-05-28,6863059.980907518,4565676.309814498,9216180.860142386
2015-05-29,7394309.363469674,5053466.787348969,9661471.82095378
2015-05-30,6469878.025334936,4132017.0976172592,8669210.886514893
2015-05-31,399001.3596951179,-1931338.2167624626,2812810.493320216
2015-06-01,8640449.745270075,6243206.651630115,10853367.284341864
2015-06-02,7799225.349585348,5461548.693986453,10136351.92536868
2015-06-03,7345913.841217047,4948618.015819552,9632050.324167592
2015-06-04,7053836.525919962,4734481.671238703,9339365.034999587
2015-06-05,7600065.192744244,5486654.980621421,9887169.09314534
2015-06-06,6686058.357301387,4430999.976690114,9057438.39154582
2015-06-07,620805.5846420424,-1653958.4103664092,2792426.574514464
2015-06-08,8862955.324411234,6676396.927691774,11154423.055183422
2015-06-09,8017513.991659649,5654587.138913261,10221950.593536478
2015-06-10,7555196.5178746395,5308742.009641743,9893622.064819504
2015-06-11,7249573.944325874,4987016.443182059,9588884.128562128
2015-06-12,7778080.496771975,5480697.596384132,9939570.028426422
2015-06-13,6842639.071285074,4447673.857869977,9163864.392362997
2015-06-14,752792.138823079,-1574043.1549373178,2978503.6030557076
2015-06-15,8967813.90031962,6723835.615079555,11123807.618369706
2015-06-16,8093391.883545169,5740019.127500049,10372085.191586873
2015-06-17,7600958.713533993,5152104.936622568,9913467.194527574
2015-06-18,7264820.16645522,5059637.938981611,9581042.654875921
2015-06-19,7763142.501399133,5490663.077454457,10206242.126298822
2015-06-20,6798558.554650904,4638732.862830598,9003856.693656284
2015-06-21,681280.1439744653,-1727987.1827210758,2928652.8865577145
2015-06-22,8871193.122518547,6565241.963567273,11215727.68207171
2015-06-23,7974523.736635671,5779414.539848119,10220687.502313046
2015-06-24,7463157.422943685,5076208.992717917,9944599.82451485
2015-06-25,7111756.488965577,4847594.665950967,9297936.255367013
2015-06-26,7598739.926479317,5345820.466688074,9949576.187743507
2015-06-27,6626885.0121518215,4355711.364284106,8789899.37075599
2015-06-28,506438.3228215063,-1700442.0162207563,2805314.7754749926
2015-06-29,8697212.4937405,6411316.356259231,10983525.971001387
2015-06-30,7805257.273645589,5635621.562772457,10135729.694727192
2015-07-01,7302185.82494465,4993250.912953761,9640683.27215354
2015-07-02,6962302.4479408385,4635498.0491152,9181263.549409995
2015-07-03,7463594.641292109,5091644.137494428,9717116.748339474
2015-07-04,6508348.757335733,4227424.169675538,8840254.051420802
2015-07-05,406276.43591202423,-1803710.3321280042,2741765.4213627833
2015-07-06,8616627.668145584,6099861.517304701,11025143.869506631
2015-07-07,7744878.547430808,5419397.285842596,10029858.447391223
2015-07-08,7262074.156721569,4925268.866576938,9586438.839000441
2015-07-09,6941972.281700305,4743734.158678413,9277917.25836081
2015-07-10,7462050.39953934,5217086.869460627,9801000.947488274
2015-07-11,6524134.777882904,4224074.558522366,8675039.67209864
2015-07-12,437538.49615240283,-1932602.902946534,2627186.878346989
2015-07-13,8661183.930780418,6403208.682994056,11001447.106309284
2015-07-14,7800297.523355505,5491597.939027462,9993362.542188684
2015-07-15,7325757.119438782,5117237.995620765,9755289.890607657
2015-07-16,7011237.487709279,4724482.1741686845,9351080.650686586
2015-07-17,7534216.472163406,5413178.4157711435,9837005.062050585
2015-07-18,6596600.696833033,4321073.796157975,8954900.266196486
2015-07-19,507857.7972913198,-1685274.1586810497,2814296.1184164435
2015-07-20,8727130.955686552,6410286.930491963,11018991.019668067
2015-07-21,7859923.856822029,5647720.6801907355,10233548.113998765
2015-07-22,7377436.705259791,5171321.582365503,9476129.970360667
2015-07-23,7053699.308085557,4834048.098048416,9344541.789582953
2015-07-24,7566564.099727849,5265408.668699834,9862672.664264083
2015-07-25,6618318.467889281,4456386.275861275,8935951.079320632
2015-07-26,518803.79590159655,-1700568.5978353699,2784561.6269218377
2015-07-27,8727517.427027289,6481758.522086231,11126627.627621284
2015-07-28,7850286.070749868,5512378.42802667,10245224.042091941
2015-07-29,7358591.655044947,5051471.401083149,9686389.828731285
2015-07-30,7026695.94399091,4837001.824142108,9337500.294194562
2015-07-31,7532627.051336415,5293227.259252876,9814745.073234256
2015-08-01,6578787.396940406,4373744.659004679,8906569.582315506
2015-08-02,475070.63654114865,-1736022.4270964644,2765293.206950647
2015-08-03,8680963.808755066,6552375.665329179,10957659.822237263
2015-08-04,7802223.182325036,5625659.392431171,10174095.950442914
2015-08-05,7310204.6947758235,5108158.14487052,9509838.299075922
2015-08-06,6978995.118376047,4670987.467031764,9278611.009729983
2015-08-07,7486406.836467702,5205019.119666047,9655975.968311448
2015-08-08,6534595.473027029,4125281.50605258,8824662.9397268
2015-08-09,433187.555762399,-1814789.0112427045,2999614.9114801358
2015-08-10,8641394.073321508,6485606.70836933,11027454.843342647
2015-08-11,7764698.003339617,5477527.976568809,9999927.183154134
2015-08-12,7274196.289026651,4960178.020783642,9564776.582205081
2015-08-13,6943741.991870934,4553984.152917966,9153081.046416113
2015-08-14,7450949.114321185,5223569.084954245,9924030.748061225
2015-08-15,6497818.977495551,4309863.8857935,8701369.294929702
2015-08-16,393875.0210620314,-1989125.777721865,2683975.856930896
2015-08-17,8598281.625360359,6163687.474209153,10923021.829321237
2015-08-18,7716534.836260399,5510808.88229216,9936924.074882416
2015-08-19,7219805.342714256,4996606.311649731,9528482.706490248
2015-08-20,6882079.381493541,4536001.210171455,9196276.376751306
2015-08-21,7381160.085107503,5168610.681299918,9718175.605028337
2015-08-22,6419288.257179385,3999824.5298911636,8499979.152627885
2015-08-23,306269.6128285555,-1876062.3837510142,2586379.292737585
2015-08-24,8501584.323583316,6167218.34121782,10728506.208109165
2015-08-25,7611067.046405496,5328456.06408234,9986306.377836687
2015-08-26,7106238.137012311,4752223.9361068215,9381048.493904257
2015-08-27,6761432.111533956,4509630.12055932,9055445.916843789
2015-08-28,7254786.290233361,4992971.035687078,9627907.037667623
2015-08-29,6288849.038108548,3827461.1907644896,8557587.171424283
2015-08-30,173695.07135484554,-2129935.009759081,2264200.9981167214
2015-08-31,8369024.085817898,6037589.324787282,10502565.02237389
2015-09-01,7480831.275711076,5419869.983232461,9676384.611184172
2015-09-02,6980730.7910631625,4664036.585976662,9200155.883127298
2015-09-03,6643078.492653121,4283154.987974449,8759401.457474291
2015-09-04,7145957.170964871,4851779.468774755,9238613.979538023
2015-09-05,6191783.804311459,3902733.396178922,8328868.189842186
2015-09-06,90426.409420087,-2309202.589669386,2281804.8200186267
2015-09-07,8301306.742505729,5885512.59352255,10562565.859086767
2015-09-08,7430077.340060763,5043836.460365629,9883857.01141938
2015-09-09,6947953.786789685,4669995.164174722,9216101.385950398
2015-09-10,6628848.332577103,4153774.9008691157,8951964.626344915
2015-09-11,7150367.7168667605,4658838.750310818,9461882.129438665
2015-09-12,6214434.407277512,3815619.9979517423,8587962.406908572
2015-09-13,130418.38491725735,-2204172.3099514744,2354399.954993893
2015-09-14,8357255.277571115,6064422.0917000985,10771402.73201577
2015-09-15,7500138.847240249,5252757.434128614,9839402.298847474
2015-09-16,7029868.22863425,4909986.776935073,9398797.742316376
2015-09-17,6719995.555001388,4495393.517046799,8766140.724158026
2015-09-18,7247836.366606641,5129975.1840161355,9508010.055470388
2015-09-19,6315101.580782011,4206257.744918922,8676252.724055972
2015-09-20,231037.77998548374,-1980571.5940309667,2412429.6388901533
2015-09-21,8454551.304681553,6109144.054459239,10597582.516345842
2015-09-22,7590903.9181964835,5459448.652155391,9801579.255901663
2015-09-23,7111060.282542354,4775091.55234924,9364467.009186005
2015-09-24,6788832.813527389,4372154.787067837,8998180.13789425
2015-09-25,7301886.333909509,4967902.083961215,9516259.24562063
2015-09-26,6352361.4214124065,3989306.2242602995,8607418.010386761
2015-09-27,250003.41594787035,-1906315.0575756382,2668452.3821492693
2015-09-28,8454272.867826534,6067628.262706399,10813031.097449983
2015-09-29,7571025.567193754,5184176.845259904,9706680.942654654
2015-09-30,7071842.835574032,4737179.562968753,9195007.502468782
2015-10-01,6731158.145684113,4383478.793946214,8962246.630545175
2015-10-02,7227243.027984673,4930401.674919031,9560721.111032208
2015-10-03,6262811.7261577565,4064686.9942862177,8481501.402986912
2015-10-04,148132.14054778498,-2375692.8263556575,2535424.4177081264
2015-10-05,8343119.408230489,6006769.200556079,10446619.955520367
2015-10-06,7454000.799821926,5386863.827144242,9720300.127538243
2015-10-07,6952633.113075171,4474012.242043716,9319805.915675094
2015-10-08,6613619.068352833,4357512.843312909,8974603.287415681
2015-10-09,7115286.032055045,4824011.757063896,9331907.881786343
2015-10-10,6160286.811297132,4056208.055389911,8410853.96886632
2015-10-11,58710.246098252945,-2273529.4368898952,2425303.8455191194
2015-10-12,8270178.031062022,5830048.584348881,10677947.399196476
2015-10-13,7400516.424301563,5055096.638883365,9715763.94117028
2015-10-14,6921083.89210571,4546469.228552947,9267550.44901776
2015-10-15,6605900.95753181,4252659.283630435,8893027.861302556
2015-10-16,7132645.240172356,4793472.743895473,9461225.5669364
2015-10-17,6203271.000137138,3926945.461326111,8488104.518940013
2015-10-18,127140.39900752157,-2191860.9607559084,2485134.923847201
2015-10-19,8363142.329662817,5991091.887311654,10653466.029894857
2015-10-20,7516386.840321066,5376121.117510776,10055468.300535513
2015-10-21,7057555.534697212,4831748.31509027,9498722.859570848
2015-10-22,6760053.534868412,4407309.10064084,9113443.056844618
2015-10-23,7301025.3176488355,4836771.16823268,9702952.277476123
2015-10-24,6381993.085164895,4246979.866115959,8883166.873578757
2015-10-25,312004.275220789,-1944932.2707062622,2736046.0699420553
2015-10-26,8549763.518663326,6306730.745101598,10839051.660318565
2015-10-27,7700336.60477623,5561086.833344716,10242181.046057733
2015-10-28,7234506.467093307,5010080.974882008,9491527.875352135
2015-10-29,6925926.515038126,4745742.988367879,9242087.418383716
